{"train_size": 105, "valid_size": 45, "train_accuracy": 0.9809523809523809, "valid_accuracy": 0.9333333333333333}